belong,id_gdf,time,geometry,area_tb,centroid_,mean_tb,intersection_percentage,distance_c,direction,total_duration,total_distance,mean_velocity
2b8efdc7-3225,4292-aa73-a54608e3e200,2001-12-29 21:00:00,"POLYGON ((-76.55820465087891 -7.695571422576907, -76.95836639404298 -7.295329570770266, -76.99474334716797 -7.258944988250727, -76.95836639404298 -7.14978742599487, -76.88561248779297 -7.077014446258547, -76.84922790527344 -7.040629863739008, -76.41268920898438 -6.785930156707771, -75.90339660644531 -6.785930156707766, -75.72150421142578 -6.967856884002684, -75.72150421142578 -7.14978742599487, -75.79425811767578 -7.404487133026124, -75.86701965332031 -7.586413860321048, -76.01252746582031 -7.659186840057373, -76.26718139648438 -7.695571422576901, -76.55820465087891 -7.695571422576907))",10764.0,POINT (-76.29860194144874 -7.232405414106386),211.5083,25.3,32.445653859602785,215.1,4,114.05869556808491,28.51467389202123
2b8efdc7-3225,42c3-a949-824061eb7cc3,2001-12-29 22:00:00,"POLYGON ((-76.37631225585939 -7.986659526824944, -76.77647399902344 -7.8411135673523, -76.95836639404298 -7.513644695281988, -76.95836639404298 -7.331714153289792, -76.88561248779297 -7.295329570770269, -76.55820465087891 -7.258944988250725, -76.52182769775391 -7.258944988250733, -76.08528900146484 -7.550029277801506, -76.15804290771484 -7.731959819793705, -76.37631225585939 -7.986659526824944))",5168.8,POINT (-76.54489005536908 -7.59396319576889),212.8857,,48.35384632769824,214.3,4,114.05869556808491,28.51467389202123
2b8efdc7-3225,4338-9f04-8a04be7f0d24,2001-12-29 20:00:00,"POLYGON ((-76.26718139648438 -7.586413860321041, -76.55820465087891 -7.550029277801514, -76.77647399902344 -7.368102550506586, -76.81285095214844 -7.33171415328979, -76.99474334716797 -7.040629863739021, -76.95836639404298 -6.858703136444099, -76.88561248779297 -6.749545574188229, -76.81285095214844 -6.67677259445191, -76.70372009277344 -6.60400342941285, -76.23079681396484 -6.422072887420652, -76.19441986083984 -6.422072887420657, -75.35771942138672 -6.640388011932376, -75.13945007324219 -6.749545574188237, -75.13945007324219 -6.858703136444101, -75.61236572265625 -7.331714153289789, -75.90339660644531 -7.513644695281986, -75.97615051269531 -7.550029277801511, -76.23079681396484 -7.586413860321049, -76.26718139648438 -7.586413860321041))",17971.2,POINT (-76.12966288723979 -6.992412124548968),209.7825,50.7,33.25919538078389,195.3,4,114.05869556808491,28.51467389202123
2b8efdc7-3225,4cbb-8f7c-d23e26aa97fe,2001-12-29 19:00:00,"POLYGON ((-76.52182769775391 -7.440871715545656, -76.59458160400391 -7.40448713302613, -76.66734313964844 -7.331714153289789, -76.84922790527344 -7.004245281219482, -76.88561248779297 -6.931472301483151, -76.88561248779297 -6.64038801193238, -76.84922790527344 -6.56761503219605, -76.74009704589844 -6.458457469940187, -76.66734313964844 -6.385688304901118, -76.52182769775391 -6.240146160125732, -76.19441986083984 -6.021831035614019, -76.12166595458984 -5.985446453094477, -75.68512725830078 -5.912673473358161, -75.64874267578125 -5.912673473358153, -75.46685791015626 -5.949058055877678, -75.24858093261719 -6.604003429412844, -75.24858093261719 -6.676772594451907, -75.39409637451172 -7.077014446258552, -75.53961181640625 -7.258944988250737, -76.23079681396484 -7.440871715545645, -76.52182769775391 -7.440871715545656))",22988.6,POINT (-76.05023804803496 -6.702334771031531),206.5761,64.0,,,4,114.05869556808491,28.51467389202123
34eead05-0cea,4099-9519-689c6d92f436,2001-12-29 21:00:00,"POLYGON ((-75.17582702636719 -8.605212211608887, -75.46685791015626 -8.496058464050288, -75.46685791015626 -8.386900901794435, -75.39409637451172 -8.314127922058104, -75.10307312011719 -8.241358757019036, -75.06669616699219 -8.241358757019047, -74.95755767822266 -8.314127922058105, -74.92118072509766 -8.350512504577633, -74.95755767822266 -8.42328548431397, -74.99393463134766 -8.4596700668335, -75.13945007324219 -8.605212211608892, -75.17582702636719 -8.605212211608887))",1611.0,POINT (-75.19995506375277 -8.414634302666395),213.7864,,8.196541339756255,262.3,3,21.750121898594948,7.250040632864983
34eead05-0cea,40fe-9a89-ba7f01d8218a,2001-12-29 19:00:00,"POLYGON ((-75.39409637451172 -8.823527336120607, -75.57598876953125 -8.35051250457763, -75.57598876953125 -8.277743339538581, -75.53961181640625 -8.204970359802241, -75.32134246826172 -7.87750196456909, -75.24858093261719 -7.84111356735229, -75.13945007324219 -7.804728984832763, -75.03031158447266 -7.804728984832762, -74.95755767822266 -7.84111356735229, -74.44825744628906 -8.204970359802251, -74.41188049316406 -8.35051250457764, -74.41188049316406 -8.386900901794434, -74.59377288818359 -8.641600608825678, -74.70291137695312 -8.677985191345217, -75.35771942138672 -8.823527336120613, -75.39409637451172 -8.823527336120607))",9958.2,POINT (-75.03200723974284 -8.325832570919399),208.5105,68.5,,,3,21.750121898594948,7.250040632864983
34eead05-0cea,4556-b8bc-d3d7043e6728,2001-12-29 20:00:00,"POLYGON ((-75.28496551513672 -8.823527336120598, -75.39409637451172 -8.71436977386475, -75.61236572265625 -8.459670066833501, -75.50323486328125 -8.168585777282722, -75.46685791015626 -8.132201194763184, -75.35771942138672 -8.023043632507317, -75.13945007324219 -7.91388654708863, -75.10307312011719 -7.913886547088616, -74.99393463134766 -7.950271129608161, -74.81204223632812 -8.132201194763192, -74.73928833007812 -8.386900901794432, -74.66653442382812 -8.750758171081547, -74.84841918945314 -8.78714275360108, -75.10307312011719 -8.8235273361206, -75.28496551513672 -8.823527336120598))",7402.4,POINT (-75.12620262591903 -8.404687946877157),210.3094,21.8,13.553580558838691,230.1,3,21.750121898594948,7.250040632864983
415870c4-7f30,47ef-843f-dab6a939cf19,2001-12-29 21:00:00,"POLYGON ((-80.77809143066406 9.660405158996575, -81.17825317382812 9.805943489074705, -81.43289947509766 9.987874031066889, -81.43289947509766 10.09702777862549, -81.39652252197266 10.20618915557861, -81.28739166259766 10.46088886260987, -81.25100708007812 10.53365802764893, -80.66895294189453 10.67920398712158, -80.52344512939453 9.842328071594242, -80.74171447753906 9.660405158996575, -80.77809143066406 9.660405158996575))",7964.8,POINT (-80.9506274020934 10.15768690898192),214.9877,,15.90687384393498,18.9,3,68.19992516434374,22.73330838811458
415870c4-7f30,4c04-93a6-d7e324db3861,2001-12-29 19:00:00,"POLYGON ((-80.77809143066406 9.151005744934075, -80.99636077880859 9.660405158996589, -80.99636077880859 9.733174324035636, -80.88722991943359 9.951489448547367, -80.63257598876953 10.24257373809814, -80.52344512939453 10.20618915557862, -80.30517578125 10.06064319610597, -80.26879119873047 9.951489448547365, -80.26879119873047 9.878712654113764, -80.45068359375 9.405705451965339, -80.52344512939453 9.260159492492683, -80.70533752441406 9.151005744934077, -80.77809143066406 9.151005744934075))",6254.7,POINT (-80.6343727890346 9.714822528505804),213.8886,18.3,,,3,68.19992516434374,22.73330838811458
415870c4-7f30,4e7d-bf89-75cbeca98c00,2001-12-29 20:00:00,"POLYGON ((-81.32376861572266 9.696789741516106, -81.39652252197266 9.769558906555172, -81.39652252197266 10.06064319610596, -81.36014556884766 10.13341236114502, -81.32376861572266 10.16980457305908, -81.28739166259766 10.20618915557861, -81.21463012695312 10.24257373809813, -80.85084533691406 10.38811206817626, -80.70533752441406 10.38811206817627, -80.59619903564453 10.35172748565673, -80.63257598876953 10.06064319610596, -80.77809143066406 9.696789741516106, -81.32376861572266 9.696789741516106))",5373.5,POINT (-80.99723312147954 10.02149208080248),212.1073,59.0,52.29305132040876,310.2,3,68.19992516434374,22.73330838811458
46528642-daf8,4643-995f-65f25c102d2d,2001-12-29 19:00:00,"POLYGON ((-72.59296417236328 -5.039416790008539, -73.06588745117188 -4.639174938201907, -73.10226440429688 -4.602790355682376, -73.39328765869141 -3.729533672332758, -73.39328765869141 -3.51121854782104, -73.32053375244141 -3.402060985565177, -73.28415679931641 -3.365676403045661, -73.24777221679688 -3.329288005828863, -73.17501831054688 -3.292903423309328, -72.77485656738281 -3.292903423309334, -72.52021026611328 -3.365676403045658, -72.4474563598633 -3.438445568084724, -72.33831787109375 -3.583987712860108, -72.19280242919922 -3.838687419891349, -72.15642547607422 -4.457244396209711, -72.26556396484375 -4.966643810272211, -72.41107177734376 -5.039416790008542, -72.59296417236328 -5.039416790008539))",19706.0,POINT (-72.73280962179511 -4.097639413151244),206.3453,43.6,,,3,200.4553854468043,66.81846181560144
46528642-daf8,47fc-91ca-aa29af21bf2b,2001-12-29 20:00:00,"POLYGON ((-72.33831787109375 -5.294116497039789, -72.66572570800781 -5.257731914520259, -72.77485656738281 -5.221343517303468, -74.44825744628906 -3.838687419891361, -74.48464202880859 -3.765918254852294, -74.48464202880859 -3.656760692596441, -74.22998809814453 -3.110976696014397, -74.15723419189453 -3.001819133758548, -74.12085723876953 -2.965434551239015, -73.79344940185547 -2.819888591766349, -72.66572570800781 -3.256518840789797, -72.55658721923828 -3.32928800582885, -72.26556396484375 -3.838687419891349, -72.15642547607422 -4.566401958465584, -72.15642547607422 -5.221343517303469, -72.26556396484375 -5.29411649703979, -72.33831787109375 -5.294116497039789))",43620.5,POINT (-73.19310971039884 -3.99253428586014),212.7106,36.2,52.41831145593667,282.9,3,200.4553854468043,66.81846181560144
46528642-daf8,4976-ac06-fe7d240db5eb,2001-12-29 21:00:00,"POLYGON ((-72.70210266113281 -5.403274059295657, -72.92037200927734 -5.366889476776114, -73.10226440429688 -5.075801372528072, -73.8662109375 -3.838687419891349, -74.12085723876953 -3.220134258270256, -74.12085723876953 -2.965434551239015, -73.68431854248047 -1.218921065330497, -73.64793395996094 -1.109763503074654, -73.17501831054688 -0.2728914320468968, -73.13864135742188 -0.2365068644285164, -72.4474563598633 -0.09096471965313463, -72.26556396484375 -0.1273493021726542, -72.15642547607422 -0.2728914320468838, -72.01091003417969 -0.6367487311363285, -72.19280242919922 -5.184958934783943, -72.22917938232422 -5.294116497039799, -72.26556396484375 -5.330501079559319, -72.33831787109375 -5.36688947677613, -72.62934112548828 -5.403274059295649, -72.70210266113281 -5.403274059295657))",100527.6,POINT (-72.92421001393407 -2.681337316404583),211.5312,,148.03707399086764,11.6,3,200.4553854468043,66.81846181560144
51147b08-9b88,4082-b28f-0a60c628d228,2001-12-30 09:00:00,"POLYGON ((-81.28739166259766 5.767132282257081, -82.30598449707031 6.349300861358646, -82.41511535644531 6.494846820831299, -82.23322296142578 7.077015399932868, -81.86943817138672 7.695576190948491, -81.79668426513672 7.768345355987554, -81.43289947509766 8.059430122375492, -81.28739166259766 8.05943012237549, -81.03273773193359 8.023045539855957, -80.95998382568359 7.986660480499269, -80.66895294189453 7.731960773468011, -80.63257598876953 7.695576190948489, -80.55982208251953 7.331715106964108, -80.414306640625 6.4948468208313, -80.414306640625 6.422077655792227, -80.52344512939453 6.240147113800049, -81.14187622070312 5.80351686477661, -81.21463012695312 5.767132282257087, -81.28739166259766 5.767132282257081))",39048.1,POINT (-81.3434181949842 6.899104931577211),210.0699,86.0,,,3,60.657750873783236,20.21925029126108
51147b08-9b88,4140-beb7-c383b133d4fd,2001-12-30 10:00:00,"POLYGON ((-82.05133056640625 5.694363117218019, -82.08771514892578 5.730747699737549, -82.37873840332031 7.149792194366452, -82.37873840332031 7.186176776885985, -82.16046905517578 7.440876483917236, -81.97857666015625 7.622799396514888, -81.83306121826173 7.695576190948487, -81.76030731201172 7.731960773468023, -81.28739166259766 7.877499103546135, -81.06911468505859 7.877499103546137, -80.66895294189453 7.622799396514897, -80.63257598876953 7.550030231475837, -80.55982208251953 7.331715106964108, -80.55982208251953 7.222561359405518, -80.66895294189453 6.203762531280513, -80.74171447753906 5.839901447296139, -81.03273773193359 5.730747699737554, -81.68755340576172 5.694363117218018, -82.05133056640625 5.694363117218019))",39853.7,POINT (-81.42861006327153 6.763701788589703),213.479,54.6,17.68899524866844,212.2,3,60.657750873783236,20.21925029126108
51147b08-9b88,4ab0-9324-2ee56e3f1f8d,2001-12-30 13:00:00,"POLYGON ((-81.65116882324219 5.657978534698488, -82.16046905517578 5.949062824249273, -82.26959991455078 6.130993366241455, -82.56063079833984 6.967861652374274, -82.52425384521484 7.22256135940551, -82.37873840332031 7.331715106964114, -82.16046905517578 7.331715106964102, -81.43289947509766 7.149792194366454, -81.28739166259766 7.077015399932867, -81.14187622070312 6.895092487335198, -81.06911468505859 6.785931110382078, -80.88722991943359 6.021831989288327, -80.95998382568359 5.87628602981567, -81.21463012695312 5.767132282257087, -81.32376861572266 5.730747699737554, -81.61479187011719 5.657978534698482, -81.65116882324219 5.657978534698488))",24445.9,POINT (-81.72632704171941 6.514003699352004),212.3625,,42.968755625114795,230.0,3,60.657750873783236,20.21925029126108
563072c1-a012,4347-8de8-7b481a7b29fa,2001-12-30 15:00:00,"POLYGON ((-72.73847961425781 -9.733168601989741, -73.24777221679688 -9.478468894958498, -73.68431854248047 -9.151000022888185, -73.902587890625 -8.932684898376456, -73.93896484375001 -8.859911918640131, -73.93896484375001 -8.750758171081548, -73.902587890625 -8.641600608825673, -73.8662109375 -8.605212211608888, -73.68431854248047 -8.53244304656983, -73.61155700683594 -8.532443046569824, -72.48383331298828 -9.151000022888182, -72.33831787109375 -9.442084312438961, -72.30194091796875 -9.551241874694828, -72.30194091796875 -9.624014854431158, -72.62934112548828 -9.733168601989735, -72.73847961425781 -9.733168601989741))",12251.2,POINT (-73.12759303084098 -9.150585742980711),218.2818,27.1,59.67389127913012,127.3,4,184.56136642354053,46.14034160588513
563072c1-a012,49eb-889d-e4e4866d321b,2001-12-30 19:00:00,"POLYGON ((-72.55658721923828 -9.478468894958493, -73.21139526367188 -8.787142753601067, -73.28415679931641 -8.67798519134522, -73.24777221679688 -8.459670066833496, -73.21139526367188 -8.350512504577644, -73.17501831054688 -8.3141279220581, -73.06588745117188 -8.314127922058104, -72.55658721923828 -8.386900901794428, -72.52021026611328 -8.423285484313963, -72.26556396484375 -8.714369773864739, -72.04729461669922 -9.005457878112798, -72.12004852294922 -9.114615440368656, -72.19280242919922 -9.223769187927244, -72.37469482421875 -9.478468894958503, -72.55658721923828 -9.478468894958493))",10527.0,POINT (-72.67245050553379 -8.849779495003338),213.4062,,52.65313678438387,336.8,4,184.56136642354053,46.14034160588513
563072c1-a012,4d83-aba3-9b2dfb972a78,2001-12-30 17:00:00,"POLYGON ((-73.02950286865234 -9.987868309020993, -73.10226440429688 -9.951483726501458, -73.28415679931641 -9.369315147399899, -73.06588745117188 -8.350512504577628, -72.84761810302734 -8.350512504577644, -72.48383331298828 -8.459670066833487, -72.37469482421875 -8.532443046569824, -71.97453308105469 -8.859911918640144, -71.93815612792969 -8.896300315856932, -71.64713287353516 -9.296542167663569, -71.53799438476562 -9.660399436950676, -71.57437133789062 -9.805941581726069, -71.68350982666016 -9.987868309020993, -73.02950286865234 -9.987868309020993))",25972.0,POINT (-72.48494531384704 -9.287839477835455),219.0446,36.7,72.23433836002654,102.1,4,184.56136642354053,46.14034160588513
563072c1-a012,4fe5-82e2-e8ee190210f3,2001-12-30 14:00:00,"POLYGON ((-73.53880310058594 -9.114615440368659, -73.57518005371094 -9.07822704315185, -73.82982635498047 -8.750758171081541, -73.8662109375 -8.677985191345213, -73.8662109375 -8.605212211608888, -73.82982635498047 -8.496058464050286, -73.79344940185547 -8.459670066833493, -73.72069549560547 -8.459670066833501, -73.42966461181641 -8.714369773864753, -73.17501831054688 -9.078227043151852, -73.17501831054688 -9.114615440368652, -73.53880310058594 -9.114615440368659))",2850.0,POINT (-73.55860636015153 -8.822754380383424),213.2022,21.6,,,4,184.56136642354053,46.14034160588513
6a4536fd-36fd,48d6-a229-9d5567bfb242,2001-12-30 15:00:00,"POLYGON ((-82.63338470458984 5.184963703155512, -82.85165405273438 5.366886615753181, -82.92441558837891 5.512432575225826, -82.99716949462891 5.694363117218014, -82.63338470458984 5.949062824249264, -82.52425384521484 5.949062824249276, -82.30598449707031 5.585201740264893, -82.30598449707031 5.476047992706293, -82.34236145019531 5.366886615753166, -82.37873840332031 5.294117450714119, -82.41511535644531 5.257732868194579, -82.63338470458984 5.184963703155512))",4338.3,POINT (-82.62436263649529 5.566773507665368),210.6552,31.6,,,3,40.66382829136565,13.554609430455216
6a4536fd-36fd,4c7d-a3e9-e3c3edb9481c,2001-12-30 16:00:00,"POLYGON ((-82.70614624023438 5.112186908721922, -82.88803863525391 5.257732868194584, -83.5428466796875 5.803516864776605, -83.5792236328125 5.839901447296142, -83.6156005859375 5.949062824249271, -83.6156005859375 6.021831989288331, -83.5792236328125 6.094601154327398, -82.92441558837891 6.240147113800043, -82.88803863525391 6.240147113800054, -82.56063079833984 6.203762531280516, -82.41511535644531 6.130993366241448, -82.37873840332031 6.094601154327391, -82.23322296142578 5.91267824172974, -82.19684600830078 5.54881715774536, -82.19684600830078 5.257732868194585, -82.48787689208984 5.14857912063598, -82.70614624023438 5.112186908721922))",13713.9,POINT (-82.80960033589382 5.733228931903852),212.4809,65.4,27.56716676295295,311.9,3,40.66382829136565,13.554609430455216
6a4536fd-36fd,4e34-ba83-c8000bed04d7,2001-12-30 19:00:00,"POLYGON ((-83.10630798339844 5.148579120635987, -83.47008514404297 5.330502033233637, -83.5064697265625 5.403278827667238, -83.5792236328125 5.548817157745357, -83.10630798339844 6.240147113800047, -82.85165405273438 6.385693073272708, -82.74252319335938 6.422077655792227, -82.63338470458984 6.385693073272711, -82.48787689208984 6.312916278839111, -82.45149230957031 6.276531696319577, -82.37873840332031 6.203762531280524, -82.34236145019531 6.130993366241452, -82.34236145019531 6.021831989288327, -82.37873840332031 5.912678241729743, -82.52425384521484 5.548817157745365, -82.56063079833984 5.476047992706307, -82.70614624023438 5.294117450714111, -82.77890014648438 5.221348285675043, -83.06992340087891 5.14857912063598, -83.10630798339844 5.148579120635987))",12606.9,POINT (-82.92303972918984 5.7666331709591),212.3333,,13.096661528412692,286.4,3,40.66382829136565,13.554609430455216
6d37d8e9-8d7b,460f-9e23-d0db51534e7e,2001-12-30 18:00:00,"POLYGON ((-66.99069976806641 -6.130988597869867, -67.02708435058594 -5.876288890838622, -67.02708435058594 -5.76713132858276, -66.91794586181641 -5.075801372528081, -66.88156890869141 -4.930259227752685, -66.84519195556641 -4.893874645233153, -66.62692260742188 -4.675559520721435, -66.55416107177734 -4.602790355682373, -65.68108367919922 -4.166160106658932, -65.60832214355469 -4.348090648651119, -65.75383758544922 -4.748332500457769, -66.15399932861328 -5.330501079559332, -66.66329956054688 -5.876288890838624, -66.77243041992188 -5.985446453094485, -66.80880737304688 -6.021831035614014, -66.91794586181641 -6.130988597869868, -66.99069976806641 -6.130988597869867))",15708.8,POINT (-66.4040385844567 -5.078561680391402),210.8316,16.9,40.54185477768524,279.2,3,123.96464282750156,41.32154760916719
6d37d8e9-8d7b,46b5-9d17-f062fb561db7,2001-12-30 22:00:00,"POLYGON ((-66.33589172363281 -4.93025922775269, -66.48140716552734 -4.893874645233152, -67.24535369873047 -4.639174938201905, -67.28173065185547 -4.566401958465569, -67.28173065185547 -4.530017375946051, -67.24535369873047 -4.166160106658936, -67.13621520996094 -4.093387126922599, -66.59053802490234 -3.765918254852295, -66.44503021240234 -3.765918254852297, -66.15399932861328 -3.947844982147213, -66.08124542236328 -4.020617961883551, -66.0448684692383 -4.202544689178469, -66.0448684692383 -4.311702251434328, -66.08124542236328 -4.675559520721444, -66.11762237548828 -4.748332500457761, -66.19037628173828 -4.821101665496831, -66.29951477050781 -4.930259227752694, -66.33589172363281 -4.93025922775269))",13221.6,POINT (-66.61115449497548 -4.353345184308357),209.7843,,83.42278804981633,344.1,3,123.96464282750156,41.32154760916719
6d37d8e9-8d7b,4d32-9551-6404ad0761cb,2001-12-30 17:00:00,"POLYGON ((-66.33589172363281 -6.02183103561402, -66.40864562988281 -5.985446453094481, -66.44503021240234 -5.94905805587769, -66.69967651367188 -5.585200786590571, -66.77243041992188 -5.36688947677612, -66.77243041992188 -5.29411649703979, -66.66329956054688 -5.112189769744874, -65.79021453857422 -4.202544689178469, -65.71746063232422 -4.129775524139398, -65.64470672607422 -4.12977552413941, -65.57194519042969 -4.238933086395258, -65.42643737792969 -4.566401958465584, -65.42643737792969 -4.821101665496828, -65.64470672607422 -5.548816204071048, -65.86297607421875 -5.803515911102301, -66.33589172363281 -6.02183103561402))",18895.5,POINT (-66.04313030959386 -5.137327736841157),211.6057,47.9,,,3,123.96464282750156,41.32154760916719
7ac391de-18fb,4379-8b07-bcf955817797,2001-12-29 23:00:00,"POLYGON ((-76.48545074462891 -9.442084312438972, -76.55820465087891 -9.369315147399897, -76.59458160400391 -9.332926750183098, -76.77647399902344 -9.078227043151848, -77.1038818359375 -8.496058464050295, -77.1766357421875 -8.350512504577637, -76.99474334716797 -7.913886547088616, -76.95836639404298 -7.841113567352296, -76.88561248779297 -7.804728984832757, -76.84922790527344 -7.804728984832771, -76.15804290771484 -7.841113567352284, -75.97615051269531 -8.532443046569831, -75.93977355957031 -9.005457878112798, -75.93977355957031 -9.078227043151855, -76.12166595458984 -9.296542167663571, -76.23079681396484 -9.405699729919434, -76.26718139648438 -9.442084312438968, -76.48545074462891 -9.442084312438972))",17652.6,POINT (-76.50169056772377 -8.557300160732579),209.4859,50.4,30.87449631728982,311.1,3,76.47337756128444,25.491125853761478
7ac391de-18fb,4667-964a-c5b93bdb5288,2001-12-30 00:00:00,"POLYGON ((-76.55820465087891 -9.842326164245605, -76.66734313964844 -9.805941581726072, -76.70372009277344 -9.76955699920655, -76.77647399902344 -9.696784019470208, -76.84922790527344 -9.514857292175302, -77.1766357421875 -8.496058464050295, -77.1766357421875 -8.314127922058111, -77.0675048828125 -8.023043632507326, -77.03112030029297 -7.986659526824952, -76.59458160400391 -7.768344402313237, -76.52182769775391 -7.768344402313232, -76.15804290771484 -7.804728984832763, -76.12166595458984 -7.841113567352298, -75.13945007324219 -9.587626457214357, -75.13945007324219 -9.624014854431156, -75.24858093261719 -9.73316860198975, -75.28496551513672 -9.769556999206543, -75.43047332763673 -9.805941581726069, -76.37631225585939 -9.842326164245605, -76.55820465087891 -9.842326164245605))",34498.0,POINT (-76.2709472392648 -8.899757655523034),209.7779,77.5,45.59888124399461,146.0,3,76.47337756128444,25.491125853761478
7ac391de-18fb,4e7e-acda-98dbf8fc8f30,2001-12-29 22:00:00,"POLYGON ((-76.30355834960938 -9.114615440368652, -76.48545074462891 -8.969069480895993, -76.52182769775391 -8.932684898376458, -76.59458160400391 -8.641600608825687, -76.59458160400391 -8.53244304656983, -76.52182769775391 -8.459670066833498, -76.48545074462891 -8.423285484313961, -76.01252746582031 -8.53244304656983, -75.93977355957031 -8.568827629089361, -75.93977355957031 -8.605212211608881, -75.97615051269531 -8.714369773864751, -76.01252746582031 -8.787142753601078, -76.04890441894531 -8.85991191864014, -76.12166595458984 -9.0054578781128, -76.23079681396484 -9.114615440368647, -76.30355834960938 -9.114615440368652))",3760.0,POINT (-76.2908367084014 -8.741419626644166),208.1319,21.1,,,3,76.47337756128444,25.491125853761478
80c3f1b7-79ee,44d1-8439-d0f3042695fc,2001-12-29 19:00:00,"POLYGON ((-74.19361114501953 -9.22376918792725, -74.44825744628906 -9.151000022888175, -74.48464202880859 -9.114615440368654, -74.55739593505859 -8.859911918640135, -74.55739593505859 -8.787142753601069, -74.26637268066406 -8.350512504577637, -73.8662109375 -8.350512504577628, -73.75707244873047 -8.423285484313958, -73.68431854248047 -8.53244304656983, -73.72069549560547 -8.787142753601072, -73.79344940185547 -8.896300315856935, -73.93896484375001 -9.114615440368651, -73.975341796875 -9.151000022888185, -74.048095703125 -9.187384605407711, -74.19361114501953 -9.22376918792725))",6881.7,POINT (-74.12322043363652 -8.767894371937446),206.3886,51.0,,,3,55.46718786620488,18.489062622068293
80c3f1b7-79ee,4520-b048-001d9f851c3a,2001-12-29 21:00:00,"POLYGON ((-74.22998809814453 -9.478468894958503, -74.30274963378906 -9.369315147399909, -74.33912658691406 -9.296542167663576, -74.37550354003906 -9.151000022888189, -74.33912658691406 -9.078227043151861, -74.22998809814453 -9.005457878112791, -74.15723419189453 -9.041842460632322, -74.01171875 -9.151000022888176, -73.93896484375001 -9.223769187927246, -73.902587890625 -9.296542167663571, -73.93896484375001 -9.369315147399895, -73.975341796875 -9.442084312438958, -74.01171875 -9.478468894958496, -74.22998809814453 -9.478468894958503))",1840.8,POINT (-74.15063214093716 -9.2621594171487),213.5593,,27.12412285385391,173.7,3,55.46718786620488,18.489062622068293
80c3f1b7-79ee,4c22-8c59-0142973b0f68,2001-12-29 20:00:00,"POLYGON ((-74.26637268066406 -9.369315147399906, -74.41188049316406 -9.332926750183102, -74.48464202880859 -9.260157585144034, -74.52101898193359 -9.078227043151863, -74.52101898193359 -9.005457878112798, -74.48464202880859 -8.932684898376463, -74.33912658691406 -8.67798519134522, -74.26637268066406 -8.605212211608878, -74.19361114501953 -8.568827629089361, -73.8662109375 -8.859911918640146, -73.82982635498047 -8.896300315856942, -73.82982635498047 -9.078227043151855, -73.902587890625 -9.260157585144036, -73.975341796875 -9.332926750183104, -74.08448028564453 -9.369315147399899, -74.26637268066406 -9.369315147399906))",4882.2,POINT (-74.17759901775388 -9.018387974089022),208.1461,28.2,28.343065012350976,192.2,3,55.46718786620488,18.489062622068293
93b0a8ea-843c,405a-8342-3bc3a453bb75,2001-12-30 06:00:00,"POLYGON ((-87.98100280761719 4.639179706573477, -88.01737976074219 4.711948871612549, -87.98100280761719 5.14857912063599, -87.65359497070312 5.330502033233641, -87.39894866943359 5.330502033233648, -87.21705627441406 5.003033161163322, -87.21705627441406 4.966648578643794, -87.25343322753906 4.89387941360474, -87.43532562255859 4.784718036651605, -87.72635650634766 4.63917970657349, -87.98100280761719 4.639179706573477))",5272.6,POINT (-87.64802324682951 4.985495155975022),215.0362,58.6,,,4,243.50946759243863,60.877366898109656
93b0a8ea-843c,435f-9c20-931dbe2469cf,2001-12-30 14:00:00,"POLYGON ((-86.30760192871094 6.021831989288324, -86.41673278808594 6.058216571807867, -86.52587127685547 6.312916278839118, -86.52587127685547 6.531231403350835, -86.27121734619141 6.676777362823493, -85.98019409179688 6.713161945343017, -85.90744018554688 6.713161945343018, -85.72554779052734 6.676777362823486, -85.61640930175781 6.604000568389894, -85.61640930175781 6.531231403350836, -85.65278625488281 6.458462238311774, -85.83467864990234 6.240147113800046, -85.87105560302734 6.203762531280525, -86.01657104492188 6.058216571807861, -86.16208648681641 6.021831989288335, -86.30760192871094 6.021831989288324))",5863.7,POINT (-86.10889982667152 6.392101025874267),213.264,,174.75532764635673,58.7,4,243.50946759243863,60.877366898109656
93b0a8ea-843c,47bd-aa2e-5eb74be3ae98,2001-12-30 07:00:00,"POLYGON ((-87.94462585449219 4.602787494659417, -88.05375671386719 4.639179706573485, -88.19927215576172 4.857487201690678, -88.09013366699219 5.257732868194586, -88.05375671386719 5.294117450714106, -87.43532562255859 5.366886615753174, -87.21705627441406 5.366886615753167, -87.10792541503906 5.330502033233641, -87.07154083251953 5.294117450714105, -86.99878692626953 5.221348285675051, -86.99878692626953 5.075802326202393, -87.03516387939453 4.966648578643794, -87.54446411132812 4.639179706573487, -87.87186431884766 4.602787494659432, -87.94462585449219 4.602787494659417))",9001.5,POINT (-87.62162843582006 5.010608403696866),212.7443,25.5,4.0349093485327785,46.4,4,243.50946759243863,60.877366898109656
93b0a8ea-843c,4961-8b40-de3b899bbd66,2001-12-30 09:00:00,"POLYGON ((-87.9082489013672 4.711948871612545, -88.30840301513672 4.748333454132077, -88.41754150390625 4.821102619171151, -88.52667999267578 4.930263996124264, -88.52667999267578 5.148579120635979, -88.34478759765625 5.512432575225826, -87.39894866943359 6.385693073272697, -87.07154083251953 6.640392780303949, -86.92603302001953 6.713161945343025, -86.853271484375 6.713161945343023, -86.67137908935547 6.531231403350826, -86.59862518310547 5.439663410186776, -87.18067932128906 4.857487201690676, -87.87186431884766 4.711948871612556, -87.9082489013672 4.711948871612545))",30899.2,POINT (-87.45843785230025 5.572533805173417),215.4708,48.8,64.7192305975491,16.2,4,243.50946759243863,60.877366898109656
9dd20c58-2c2d,4493-85dc-4fc5f7e482d3,2001-12-30 23:00:00,"POLYGON ((-71.42885589599609 -9.987868309020993, -71.93815612792969 -9.8423261642456, -72.12004852294922 -9.660399436950675, -72.12004852294922 -9.624014854431149, -72.01091003417969 -9.223769187927253, -71.97453308105469 -9.114615440368656, -70.91956329345705 -7.768344402313226, -70.37388610839844 -7.659186840057379, -69.13702392578125 -7.550029277801517, -68.88237762451172 -7.550029277801514, -68.48221588134767 -7.877501964569093, -68.22756958007812 -8.095812797546392, -68.19118499755859 -8.132201194763187, -68.11843109130859 -8.20497035980225, -68.11843109130859 -8.241358757019045, -68.15480804443359 -8.423285484313963, -68.19118499755859 -8.459670066833501, -68.26394653320312 -8.532443046569824, -70.04648590087891 -9.987868309020993, -71.42885589599609 -9.987868309020993))",80235.3,POINT (-70.17988446959291 -8.769929377618888),212.3484,52.9,84.0961656478981,147.6,3,94.34630421301432,31.448768071004775
9dd20c58-2c2d,44c9-8135-386a22e2f828,2001-12-30 19:00:00,"POLYGON ((-70.22837066650391 -8.932684898376458, -70.51940155029297 -8.823527336120609, -70.6649169921875 -8.750758171081543, -70.8104248046875 -8.677985191345224, -71.50161743164064 -8.16858577728271, -71.53799438476562 -8.132201194763176, -71.86540222167969 -7.659186840057375, -71.86540222167969 -7.586413860321035, -71.82901763916016 -7.550029277801506, -70.19199371337891 -7.550029277801512, -69.93734741210938 -7.659186840057365, -69.75545501708984 -7.877501964569098, -69.64632415771484 -8.095812797546387, -69.57356262207031 -8.35051250457763, -69.57356262207031 -8.423285484313958, -69.60993957519531 -8.532443046569828, -69.68270111083984 -8.677985191345222, -70.22837066650391 -8.932684898376458))",25955.6,POINT (-70.58826264242543 -8.127402728489425),204.6667,23.7,10.25013856511621,238.5,3,94.34630421301432,31.448768071004775
9dd20c58-2c2d,4683-bab8-bf3411c928e2,2001-12-30 18:00:00,"POLYGON ((-70.33750915527344 -8.677985191345215, -70.44664764404297 -8.605212211608888, -71.31972503662109 -7.913886547088634, -71.02869415283203 -7.513644695281975, -70.84680938720703 -7.404487133026127, -70.8104248046875 -7.404487133026119, -69.90097045898438 -8.059428215026864, -69.86459350585938 -8.095812797546383, -69.79183197021484 -8.204970359802243, -69.79183197021484 -8.496058464050291, -69.82820892333984 -8.532443046569819, -69.86459350585938 -8.568827629089359, -69.97372436523439 -8.641600608825678, -70.11923980712891 -8.67798519134522, -70.33750915527344 -8.677985191345215))",13220.1,POINT (-70.5090775579246 -8.078796746668642),208.8869,49.2,,,3,94.34630421301432,31.448768071004775
a6158d5d-e33c,449e-961b-58947bd94fdf,2001-12-29 21:00:00,"POLYGON ((-76.77647399902344 4.384479999542241, -76.77647399902344 4.675564289093022, -76.66734313964844 4.784718036651603, -76.33993530273438 5.039417743682866, -75.93977355957031 5.003033161163337, -75.90339660644531 4.966648578643807, -75.90339660644531 4.893879413604733, -75.93977355957031 4.857487201690675, -76.41268920898438 4.42086458206176, -76.55820465087891 4.384479999542229, -76.77647399902344 4.384479999542241))",4245.5,POINT (-76.38538257700293 4.723088244208232),211.7154,50.7,1.574555206681196,348.1,3,22.86029213331398,7.620097377771327
a6158d5d-e33c,4c41-afa2-0b94ab1a7d06,2001-12-29 20:00:00,"POLYGON ((-76.59458160400391 4.457249164581291, -76.66734313964844 4.530018329620362, -76.70372009277344 4.566402912139899, -76.55820465087891 4.821102619171136, -76.41268920898438 4.930263996124265, -76.04890441894531 4.930263996124275, -76.04890441894531 4.857487201690665, -76.19441986083984 4.639179706573484, -76.23079681396484 4.602787494659429, -76.26718139648438 4.566402912139899, -76.37631225585939 4.493633747100831, -76.44906616210938 4.457249164581296, -76.59458160400391 4.457249164581291))",2443.6,POINT (-76.38244381953589 4.709158020104478),212.4037,57.6,,,3,22.86029213331398,7.620097377771327
a6158d5d-e33c,4f6e-950c-f16b34f14ac9,2001-12-29 22:00:00,"POLYGON ((-76.48545074462891 4.67556428909302, -76.66734313964844 4.784718036651603, -76.63095855712891 4.821102619171134, -76.33993530273438 5.075802326202398, -76.23079681396484 5.112186908721926, -76.19441986083984 5.112186908721932, -76.04890441894531 5.075802326202385, -76.01252746582031 5.039417743682867, -75.93977355957031 4.857487201690675, -75.93977355957031 4.821102619171143, -75.97615051269531 4.784718036651617, -76.19441986083984 4.711948871612544, -76.33993530273438 4.675564289093019, -76.48545074462891 4.67556428909302))",2540.1,POINT (-76.27090345935864 4.877565576801248),213.9935,,21.285736926632783,36.5,3,22.86029213331398,7.620097377771327
aa508d8b-46ec,40bf-b871-90d43032c3b8,2001-12-29 23:00:00,"POLYGON ((-72.22917938232422 -9.987868309020994, -72.4474563598633 -9.624014854431158, -72.48383331298828 -9.332926750183109, -72.4474563598633 -9.260157585144048, -72.41107177734376 -9.22376918792725, -72.26556396484375 -9.187384605407722, -72.22917938232422 -9.187384605407708, -72.12004852294922 -9.223769187927246, -72.01091003417969 -9.296542167663576, -71.93815612792969 -9.369315147399904, -71.93815612792969 -9.405699729919441, -71.97453308105469 -9.987868309020989, -72.22917938232422 -9.987868309020994))",4121.1,POINT (-72.19192201818926 -9.571007151833292),212.6627,,16.53854978140517,168.0,5,68.87227142506809,13.774454285013618
aa508d8b-46ec,41f4-bd06-811f93a8a5f3,2001-12-29 21:00:00,"POLYGON ((-72.30194091796875 -9.660399436950684, -72.66572570800781 -9.332926750183107, -72.66572570800781 -9.187384605407718, -72.59296417236328 -9.07822704315185, -72.48383331298828 -8.932684898376454, -72.37469482421875 -8.896300315856937, -72.15642547607422 -8.932684898376461, -72.01091003417969 -9.005457878112789, -71.97453308105469 -9.078227043151854, -71.97453308105469 -9.369315147399895, -72.01091003417969 -9.442084312438961, -72.12004852294922 -9.587626457214359, -72.15642547607422 -9.624014854431154, -72.30194091796875 -9.660399436950684))",4720.3,POINT (-72.29666399269965 -9.25426067329882),206.2742,61.5,18.29375535288092,150.5,5,68.87227142506809,13.774454285013618
aa508d8b-46ec,4509-bd2c-db3cf5413a73,2001-12-29 20:00:00,"POLYGON ((-72.59296417236328 -9.296542167663576, -72.66572570800781 -9.260157585144032, -72.66572570800781 -9.078227043151852, -72.62934112548828 -9.041842460632331, -72.48383331298828 -8.969069480896001, -72.41107177734376 -8.93268489837646, -72.19280242919922 -8.932684898376461, -72.12004852294922 -8.969069480895998, -72.04729461669922 -9.005457878112798, -72.04729461669922 -9.041842460632322, -72.22917938232422 -9.260157585144048, -72.59296417236328 -9.296542167663576))",2054.6,POINT (-72.37828596616802 -9.110110145541015),207.816,41.4,13.524606158010751,137.5,5,68.87227142506809,13.774454285013618
aa508d8b-46ec,4724-be94-24a8f122d0f8,2001-12-29 19:00:00,"POLYGON ((-72.66572570800781 -9.187384605407718, -72.70210266113281 -9.151000022888184, -72.77485656738281 -9.005457878112788, -72.73847961425781 -8.969069480896003, -72.48383331298828 -8.859911918640142, -72.4474563598633 -8.859911918640131, -72.19280242919922 -8.896300315856928, -72.12004852294922 -8.932684898376467, -72.12004852294922 -8.969069480895998, -72.15642547607422 -9.005457878112786, -72.19280242919922 -9.041842460632322, -72.30194091796875 -9.114615440368656, -72.48383331298828 -9.187384605407722, -72.66572570800781 -9.187384605407718))",1788.7,POINT (-72.46115341240585 -9.019733125198563),208.6316,52.9,,,5,68.87227142506809,13.774454285013618
aa508d8b-46ec,4a17-bc33-004170e4d697,2001-12-29 22:00:00,"POLYGON ((-72.19280242919922 -9.915099143981926, -72.30194091796875 -9.878714561462408, -72.62934112548828 -9.405699729919435, -72.62934112548828 -9.369315147399908, -72.55658721923828 -9.151000022888182, -72.52021026611328 -9.078227043151848, -72.48383331298828 -9.041842460632326, -72.37469482421875 -8.969069480896, -72.30194091796875 -8.969069480895989, -72.08367156982422 -9.041842460632322, -72.01091003417969 -9.078227043151861, -71.93815612792969 -9.15100002288818, -71.90177917480469 -9.223769187927244, -71.86540222167969 -9.296542167663578, -71.86540222167969 -9.478468894958491, -71.97453308105469 -9.842326164245605, -72.04729461669922 -9.915099143981932, -72.19280242919922 -9.915099143981926))",6369.4,POINT (-72.22295086917558 -9.424685798225562),208.7634,59.9,20.515360132771253,156.6,5,68.87227142506809,13.774454285013618
ba59c70c-fdcf,4046-847f-80cf6e5adceb,2001-12-30 02:00:00,"POLYGON ((-79.43209075927734 6.895092487335202, -79.54122924804688 6.967861652374265, -79.65036010742188 7.149792194366459, -79.65036010742188 7.950275897979742, -79.61398315429688 8.023045539855952, -79.57760620117188 8.095814704895023, -79.43209075927734 8.350514411926271, -79.35933685302734 8.459675788879389, -79.28658294677734 8.532444953918464, -77.32215118408203 9.369313240051266, -77.2493896484375 9.296544075012205, -77.2130126953125 9.223774909973148, -77.1766357421875 9.005459785461426, -77.1766357421875 8.859913825988761, -77.28577423095703 8.568829536437974, -77.43128204345703 8.350514411926271, -77.54042053222656 8.241360664367676, -79.21382141113281 6.895092487335202, -79.43209075927734 6.895092487335202))",38597.2,POINT (-78.52968537852148 8.159898169318437),212.1504,,45.2950892266876,81.7,3,54.06924777328013,18.023082591093377
ba59c70c-fdcf,461d-89e6-d7fb7a237c87,2001-12-30 00:00:00,"POLYGON ((-79.14106750488281 7.622799396514883, -79.21382141113281 7.659191608428956, -79.25019836425781 7.695576190948484, -79.32295989990234 7.841114521026608, -79.39571380615236 8.023045539855955, -79.39571380615236 8.095814704895021, -79.35933685302734 8.168591499328619, -79.17744445800781 8.314129829406735, -78.74090576171875 8.605214118957527, -78.70452880859375 8.605214118957514, -78.63176727294922 8.568829536437987, -78.48625946044923 8.386898994445801, -78.52263641357422 8.204976081848141, -78.59539031982422 8.02304553985595, -78.66814422607422 7.913891315460196, -78.74090576171875 7.804729938507086, -78.88642120361328 7.695576190948485, -79.03192901611328 7.622799396514901, -79.14106750488281 7.622799396514883))",6900.3,POINT (-78.93632178866967 8.100402201783986),210.6698,17.9,8.774158546592531,68.2,3,54.06924777328013,18.023082591093377
ba59c70c-fdcf,475a-9604-9df4094cba47,2001-12-29 23:00:00,"POLYGON ((-79.14106750488281 7.768345355987557, -79.21382141113281 7.804729938507074, -79.21382141113281 8.059430122375487, -79.14106750488281 8.314129829406728, -79.03192901611328 8.350514411926261, -78.92279815673828 8.350514411926262, -78.77728271484375 8.241360664367681, -78.77728271484375 8.204976081848141, -78.81365966796876 7.950275897979728, -78.85003662109375 7.91389131546021, -78.88642120361328 7.877499103546139, -79.03192901611328 7.804729938507086, -79.10469055175781 7.768345355987548, -79.14106750488281 7.768345355987557))",2414.0,POINT (-79.01020270450212 8.070860362837777),210.7297,35.0,,,3,54.06924777328013,18.023082591093377
c41e9d7c-79f8,4057-91e4-fafd860e693a,2001-12-31 00:00:00,"POLYGON ((-72.15642547607422 -9.987868309020991, -72.33831787109375 -9.769556999206543, -72.37469482421875 -9.260157585144047, -72.37469482421875 -9.18738460540771, -72.26556396484375 -9.07822704315185, -72.22917938232422 -9.041842460632317, -71.42885589599609 -8.750758171081539, -71.31972503662109 -8.714369773864743, -71.17420959472656 -8.677985191345215, -71.13783264160156 -8.67798519134522, -70.8104248046875 -8.750758171081541, -70.6649169921875 -8.823527336120614, -70.41026306152344 -9.005457878112789, -70.33750915527344 -9.078227043151854, -70.30113220214844 -9.114615440368651, -69.86459350585938 -9.587626457214347, -69.86459350585938 -9.624014854431149, -69.93734741210938 -9.951483726501461, -69.97372436523439 -9.987868309021007, -72.15642547607422 -9.987868309020991))",31303.5,POINT (-71.17558155075422 -9.433989281977734),200.1887,74.4,,,3,38.6110702659275,12.870356755309167
c41e9d7c-79f8,457f-a3b3-ed59b136da31,2001-12-31 01:00:00,"POLYGON ((-72.19280242919922 -9.987868309020989, -72.4474563598633 -9.842326164245613, -72.48383331298828 -9.805941581726074, -72.59296417236328 -9.69678401947021, -72.59296417236328 -9.660399436950676, -72.55658721923828 -9.478468894958493, -72.52021026611328 -9.332926750183105, -71.86540222167969 -8.605212211608892, -71.64713287353516 -8.496058464050297, -71.53799438476562 -8.459670066833494, -71.39247894287109 -8.423285484313958, -70.95594024658203 -8.386900901794434, -70.91956329345705 -8.386900901794428, -70.48302459716797 -8.64160060882568, -70.41026306152344 -8.714369773864744, -70.22837066650391 -8.896300315856935, -70.19199371337891 -8.932684898376468, -69.71907806396484 -9.478468894958505, -69.71907806396484 -9.514857292175289, -69.79183197021484 -9.915099143981923, -69.82820892333984 -9.987868309020994, -72.19280242919922 -9.987868309020989))",42082.5,POINT (-71.15534820490893 -9.318791615432488),203.1629,79.1,12.933675224567548,10.0,3,38.6110702659275,12.870356755309167
c41e9d7c-79f8,4c1d-b80c-b72b1abe0644,2001-12-31 07:00:00,"POLYGON ((-72.88399505615234 -9.987868309020989, -72.95674896240234 -9.915099143981939, -72.95674896240234 -9.624014854431149, -72.66572570800781 -9.151000022888187, -72.4474563598633 -8.969069480895994, -72.33831787109375 -8.896300315856939, -72.26556396484375 -8.859911918640135, -72.19280242919922 -8.8235273361206, -69.97372436523439 -8.750758171081548, -69.93734741210938 -8.750758171081538, -69.86459350585938 -8.896300315856932, -69.86459350585938 -9.114615440368649, -70.01010131835938 -9.44208431243896, -70.04648590087891 -9.514857292175291, -70.22837066650391 -9.842326164245607, -70.37388610839844 -9.987868309020991, -72.88399505615234 -9.987868309020989))",39746.7,POINT (-71.37511053854386 -9.397907478302891),210.8385,,25.677395041359954,250.2,3,38.6110702659275,12.870356755309167
d4ca365b-4b7c,4777-9345-0791f065d725,2001-12-30 16:00:00,"POLYGON ((-65.02627563476562 -6.349299907684323, -66.40864562988281 -6.312915325164788, -66.48140716552734 -6.276530742645266, -66.51778411865234 -6.240146160125735, -66.55416107177734 -5.512431621551515, -66.55416107177734 -5.257731914520271, -66.51778411865234 -5.148574352264397, -66.48140716552734 -5.075801372528074, -66.44503021240234 -5.039416790008543, -66.33589172363281 -4.93025922775269, -65.75383758544922 -4.639174938201909, -65.57194519042969 -4.566401958465574, -64.04405975341797 -4.602790355682375, -63.97129821777344 -4.639174938201898, -63.93492126464844 -4.675559520721435, -63.97129821777344 -5.003032207489019, -64.2987060546875 -5.621589183807381, -64.73524475097656 -6.276530742645264, -64.77162170410156 -6.3129153251648, -65.02627563476562 -6.349299907684323))",47495.4,POINT (-65.32928310578853 -5.434823176952586),212.893,,95.56133126175229,344.6,3,107.12407321971541,35.7080244065718
d4ca365b-4b7c,4d56-b3ba-4c33878e671b,2001-12-30 14:00:00,"POLYGON ((-64.73524475097656 -7.258944988250731, -64.95351409912109 -7.113402843475345, -65.64470672607422 -6.203757762908932, -65.71746063232422 -5.985446453094489, -65.71746063232422 -5.949058055877692, -65.68108367919922 -5.83990049362183, -65.60832214355469 -5.62158918380737, -65.49919128417969 -5.439658641815194, -65.46281433105469 -5.403274059295655, -65.13540649414062 -5.403274059295646, -65.06265258789062 -5.512431621551509, -64.91713714599609 -5.767131328582757, -64.69886779785156 -6.167373180389411, -64.66249084472656 -6.240146160125736, -64.55335235595703 -6.676772594451901, -64.55335235595703 -6.967856884002681, -64.66249084472656 -7.258944988250723, -64.73524475097656 -7.258944988250731))",15964.2,POINT (-65.10052840714657 -6.268043511842343),212.3291,18.7,11.562741957963125,15.5,3,107.12407321971541,35.7080244065718
d4ca365b-4b7c,4f87-a0c3-215f16aed9f7,2001-12-30 13:00:00,"POLYGON ((-64.66249084472656 -6.931472301483163, -64.77162170410156 -6.895087718963618, -65.68108367919922 -6.240146160125739, -65.68108367919922 -6.021831035614018, -65.53556823730469 -5.839900493621827, -64.84438323974609 -6.240146160125736, -64.80799865722656 -6.276530742645258, -64.62611389160156 -6.567615032196045, -64.58972930908203 -6.676772594451908, -64.58972930908203 -6.713157176971429, -64.66249084472656 -6.931472301483163))",6921.6,POINT (-65.12850558507991 -6.36878393842225),216.017,42.8,,,3,107.12407321971541,35.7080244065718
d5f712ac-e195,499d-b7f9-4c39a0f88a02,2001-12-30 00:00:00,"POLYGON ((-73.93896484375001 -3.620376110076904, -74.12085723876953 -3.547603130340567, -74.19361114501953 -3.511218547821044, -74.26637268066406 -3.402060985565177, -74.30274963378906 -3.22013425827027, -74.30274963378906 -3.18374586105347, -74.048095703125 -0.09096471965313754, -73.57518005371094 1.146149277687079, -73.50242614746094 1.328079819679259, -73.46604919433594 1.364464402198798, -73.06588745117188 1.473621964454648, -72.92037200927734 1.437237381935127, -72.88399505615234 1.36446440219879, -72.22917938232422 -2.274104595184322, -72.33831787109375 -2.710731029510491, -73.10226440429688 -3.511218547821047, -73.17501831054688 -3.547603130340574, -73.39328765869141 -3.5839877128601, -73.75707244873047 -3.620376110076897, -73.93896484375001 -3.620376110076904))",91481.7,POINT (-73.31394030111031 -1.351840058193708),213.3967,,8.826774179920838,269.4,3,387.2819680289396,129.09398934297988
d5f712ac-e195,4a0b-89fb-4574cffe47b1,2001-12-29 23:00:00,"POLYGON ((-74.01171875 -4.202544689178467, -74.048095703125 -4.166160106658942, -74.15723419189453 -4.020617961883544, -74.12085723876953 -2.38326215744018, -74.048095703125 -1.255305647850038, -73.8662109375 -0.09096471965312158, -72.84761810302734 2.237720966339103, -72.73847961425781 2.310493946075432, -72.70210266113281 2.310493946075442, -72.62934112548828 2.201336383819573, -72.59296417236328 2.128563404083248, -72.52021026611328 1.910248398780819, -72.41107177734376 -0.9642214179038975, -72.4474563598633 -1.546389937400825, -72.55658721923828 -2.274104595184328, -72.73847961425781 -3.402060985565181, -72.81123352050781 -3.765918254852293, -72.92037200927734 -4.057002544403082, -72.95674896240234 -4.093387126922603, -73.24777221679688 -4.16616010665894, -73.93896484375001 -4.202544689178462, -74.01171875 -4.202544689178467))",99662.5,POINT (-73.23463055335009 -1.350996594067389),212.6629,78.0,378.45519384901877,188.2,3,387.2819680289396,129.09398934297988
d5f712ac-e195,4ec5-9660-a66c2feb741c,2001-12-29 21:00:00,"POLYGON ((-72.84761810302734 1.801090836524956, -72.92037200927734 1.837479233741767, -72.92037200927734 1.983021378517148, -72.88399505615234 2.092178821563723, -72.70210266113281 2.274105548858636, -72.62934112548828 2.274105548858634, -72.55658721923828 2.164947986602777, -72.55658721923828 2.092178821563729, -72.73847961425781 1.837479233741766, -72.77485656738281 1.801090836524965, -72.84761810302734 1.801090836524956))",1368.8,POINT (-72.74743181843726 2.03631036475353),211.0732,24.4,,,3,387.2819680289396,129.09398934297988
effc6951-f8fc,44c0-ac06-ed88434353d2,2001-12-30 15:00:00,"POLYGON ((-65.42643737792969 -7.004245281219488, -66.33589172363281 -6.749545574188236, -66.37226867675781 -6.713157176971432, -66.33589172363281 -6.676772594451896, -66.0448684692383 -6.567615032196045, -65.64470672607422 -6.56761503219604, -65.57194519042969 -6.604003429412843, -65.46281433105469 -6.67677259445191, -65.42643737792969 -6.749545574188223, -65.42643737792969 -7.004245281219488))",3162.8,POINT (-65.81361418504696 -6.745699277372528),213.2235,41.0,,,3,159.3415647050517,53.1138549016839
effc6951-f8fc,4b7d-a037-044c224701ff,2001-12-30 18:00:00,"POLYGON ((-65.35367584228516 -8.132201194763189, -65.39005279541016 -8.095812797546387, -65.42643737792969 -6.967856884002679, -65.42643737792969 -6.895087718963622, -65.39005279541016 -6.858703136444087, -65.31729888916016 -6.822314739227292, -65.24454498291016 -6.858703136444096, -65.20816040039062 -6.931472301483145, -65.06265258789062 -7.62280225753784, -65.02627563476562 -7.877501964569098, -65.13540649414062 -8.023043632507324, -65.17178344726562 -8.059428215026863, -65.28092193603516 -8.132201194763185, -65.35367584228516 -8.132201194763189))",4613.5,POINT (-65.25925930394793 -7.516504507075807),210.4122,29.6,104.95923080601862,144.3,3,159.3415647050517,53.1138549016839
effc6951-f8fc,4cf0-b1ec-ee811ff2ca5d,2001-12-30 22:00:00,"POLYGON ((-65.82659912109375 -8.423285484313972, -65.97210693359375 -8.314127922058105, -66.00848388671875 -8.277743339538571, -66.00848388671875 -8.168585777282711, -65.97210693359375 -8.059428215026855, -65.93572998046875 -7.986659526824954, -65.64470672607422 -7.586413860321037, -65.46281433105469 -7.404487133026125, -65.39005279541016 -7.331714153289804, -65.28092193603516 -7.440871715545656, -65.13540649414062 -7.622802257537848, -65.06265258789062 -7.913886547088632, -65.13540649414062 -8.132201194763184, -65.20816040039062 -8.204970359802243, -65.28092193603516 -8.241358757019036, -65.79021453857422 -8.423285484313958, -65.82659912109375 -8.423285484313972))",7838.9,POINT (-65.51429483413686 -7.937314736419109),213.2727,,54.38233389903307,211.2,3,159.3415647050517,53.1138549016839
fb7b80e5-7caf,4103-848f-20ac6d7e943c,2001-12-30 02:00:00,"POLYGON ((-80.85084533691406 6.422077655792244, -81.57841491699219 6.494846820831307, -81.86943817138672 6.604000568389898, -81.94219970703125 6.640392780303957, -81.97857666015625 6.676777362823486, -81.94219970703125 6.749546527862543, -81.32376861572266 7.695576190948483, -81.28739166259766 7.731960773468025, -81.10549926757812 7.877499103546147, -81.03273773193359 7.913891315460212, -80.63257598876953 7.913891315460206, -80.26879119873047 7.513645648956297, -79.97776794433594 6.676777362823482, -79.97776794433594 6.64039278030396, -80.01414489746094 6.604000568389892, -80.15966033935547 6.458462238311773, -80.81446838378906 6.422077655792233, -80.85084533691406 6.422077655792244))",25324.4,POINT (-80.91120684331001 7.067231850954333),210.5013,21.3,8.411149802936203,65.4,3,183.2150989880932,61.07169966269773
fb7b80e5-7caf,412f-b17d-0aadcda2ce2c,2001-12-30 04:00:00,"POLYGON ((-80.30517578125 6.240147113800054, -80.88722991943359 6.349300861358636, -81.54203796386719 6.822315692901618, -81.57841491699219 6.858700275421144, -81.57841491699219 6.895092487335212, -81.54203796386719 7.113399982452387, -81.25100708007812 7.91389131546021, -81.17825317382812 7.986660480499276, -79.25019836425781 9.078228950500485, -78.99555206298828 9.187390327453613, -77.72231292724609 9.223774909973139, -77.64955139160156 9.223774909973143, -77.64955139160156 7.622799396514891, -77.72231292724609 7.404491901397705, -77.75868988037109 7.368099689483639, -78.81365966796876 6.60400056838989, -78.92279815673828 6.56761598587036, -79.86862945556641 6.312916278839111, -80.26879119873047 6.240147113800056, -80.30517578125 6.240147113800054))",100973.5,POINT (-79.46051819624299 7.7005483245607),212.0053,,174.803949185157,66.4,3,183.2150989880932,61.07169966269773
fb7b80e5-7caf,428f-9f07-69f262f7b3c2,2001-12-30 01:00:00,"POLYGON ((-81.46927642822266 6.458462238311771, -81.61479187011719 6.531231403350839, -81.72393035888672 6.676777362823494, -81.72393035888672 6.822315692901612, -81.50566101074219 7.258945941925055, -81.39652252197266 7.368099689483642, -81.32376861572266 7.404491901397707, -81.17825317382812 7.477261066436768, -80.59619903564453 7.659191608428955, -80.414306640625 7.659191608428958, -80.34155273437501 7.622799396514897, -80.30517578125 7.550030231475823, -80.26879119873047 7.33171510696411, -80.26879119873047 7.295330524444577, -80.30517578125 7.149792194366464, -80.34155273437501 7.077015399932867, -80.52344512939453 6.749546527862545, -80.59619903564453 6.676777362823489, -80.81446838378906 6.531231403350823, -81.06911468505859 6.458462238311768, -81.46927642822266 6.458462238311771))",15340.5,POINT (-80.98043003678258 7.035576402656541),209.6794,60.3,,,3,183.2150989880932,61.07169966269773
fd331b1b-53e0,449e-9323-a96319dde147,2001-12-30 01:00:00,"POLYGON ((-76.88561248779297 -9.987868309021, -76.92198944091797 -9.951483726501468, -76.95836639404298 -9.878714561462395, -77.03112030029297 -9.514857292175291, -76.95836639404298 -8.605212211608883, -76.92198944091797 -8.3141279220581, -76.77647399902344 -8.023043632507328, -76.66734313964844 -7.841113567352296, -76.63095855712891 -7.804728984832765, -76.55820465087891 -7.768344402313239, -76.44906616210938 -7.804728984832763, -76.37631225585939 -7.841113567352284, -76.23079681396484 -7.986659526824944, -75.13945007324219 -9.332926750183107, -75.10307312011719 -9.405699729919434, -75.10307312011719 -9.73316860198975, -75.13945007324219 -9.878714561462392, -75.21220397949219 -9.987868309020993, -76.88561248779297 -9.987868309021))",36308.1,POINT (-76.19203826722044 -9.115646283174373),209.3257,86.2,,,3,67.5436327252434,22.5145442417478
fd331b1b-53e0,468f-96f5-d3acdbf7458a,2001-12-30 02:00:00,"POLYGON ((-76.88561248779297 -9.987868309021, -76.88561248779297 -9.842326164245597, -76.74009704589844 -8.059428215026854, -76.66734313964844 -7.950271129608155, -76.55820465087891 -7.913886547088626, -76.33993530273438 -7.913886547088618, -76.15804290771484 -8.132201194763182, -75.03031158447266 -9.551241874694824, -74.95755767822266 -9.66039943695068, -74.95755767822266 -9.769556999206539, -75.03031158447266 -9.987868309021003, -76.88561248779297 -9.987868309021))",32099.6,POINT (-76.09804458238666 -9.180962351822304),212.3777,22.7,12.606332343827095,124.8,3,67.5436327252434,22.5145442417478
fd331b1b-53e0,46ed-a968-45a309303964,2001-12-30 03:00:00,"POLYGON ((-76.59458160400391 -9.987868309021005, -76.59458160400391 -9.842326164245611, -76.48545074462891 -9.514857292175298, -76.44906616210938 -9.478468894958503, -76.04890441894531 -9.332926750183104, -75.72150421142578 -9.296542167663567, -75.64874267578125 -9.296542167663578, -75.61236572265625 -9.332926750183104, -75.57598876953125 -9.369315147399895, -75.53961181640625 -9.624014854431159, -75.53961181640625 -9.733168601989748, -75.61236572265625 -9.878714561462402, -75.64874267578125 -9.915099143981941, -75.68512725830078 -9.951483726501465, -75.79425811767578 -9.987868309021003, -76.59458160400391 -9.987868309021005))",7284.3,POINT (-76.03774511307213 -9.674042626704301),211.3888,,54.9373003814163,173.0,3,67.5436327252434,22.5145442417478
